{
    "nauvis": {
        "quality_module": [
            1.6001278126862266,
            4.052625203510678,
            9.096296683036245
        ],
        "quality_module_2": [
            8.065243951248458,
            17.084230899084503,
            35.015799982063356
        ],
        "quality_module_3": [
            21.55725499220659,
            46.30766100560559,
            99.0178974130786
        ],
        "productivity_module": [
            1.6001278126862266,
            4.052625203510677,
            9.096296683036245
        ],
        "productivity_module_2": [
            8.065243951248458,
            17.084230899084513,
            35.015799982063356
        ],
        "speed_module": [
            1.6001278126862266,
            4.052625203510678,
            9.096296683036243
        ],
        "speed_module_2": [
            8.065243951248458,
            17.08423089908451,
            35.015799982063356
        ],
        "speed_module_3": [
            21.728430150444076,
            46.068931919895924,
            97.33371275027199
        ],
        "beacon": [
            8.467933895557215,
            18.62223774032255,
            39.779914818046926
        ],
        "electromagnetic_plant": [
            784.678739576818,
            2629.658141592562,
            8540.792419037196
        ],
        "foundry": [
            76.33420506468296,
            212.0655478922938,
            550.3545731021202
        ],
        "assembling_machine_3": [
            9.595242204239993,
            18.621119582753426,
            38.22205910994066
        ],
        "electric_furnace": [
            4.108506768936705,
            9.383775901614525,
            22.966654520092536
        ],
        "electric_mining_drill": [
            1.8864691416272303,
            2.6300162276471006,
            4.538458239532169
        ],
        "big_mining_drill": [
            32.76705793219098,
            106.51400519006515,
            326.93036358451434
        ],
        "oil_refinery": [
            10.772112442714848,
            13.030381610039646,
            20.329639888444063
        ],
        "chemical_plant": [
            2.8676665861034962,
            4.3391393330801025,
            9.312703568388171
        ],
        "recycler": [
            60.37950035675073,
            79.26972402187951,
            110.08418037055239
        ],
        "rocket_silo": [
            682.9935930880831,
            1016.5344137909882,
            2110.449806152499
        ]
    },
    "fulgora": {
        "quality_module": [
            1.7630242220138677,
            4.206289672432354,
            9.205797178883522
        ],
        "quality_module_2": [
            8.065243951248458,
            17.084230899084513,
            35.01579998206337
        ],
        "quality_module_3": [
            21.555834354531793,
            46.30766100560559,
            99.0178974130786
        ],
        "productivity_module": [
            1.7630242220138677,
            4.206289672432354,
            9.205797178883524
        ],
        "productivity_module_2": [
            8.06524395124846,
            17.08423089908451,
            35.015799982063356
        ],
        "speed_module": [
            1.7630242220138677,
            4.206289672432354,
            9.205797178883522
        ],
        "speed_module_2": [
            8.065243951248458,
            17.084230899084528,
            35.015799982063356
        ],
        "speed_module_3": [
            21.728430150444076,
            46.06893191989591,
            97.33371275027199
        ],
        "beacon": [
            9.119519532867782,
            18.933933512503362,
            39.8657049813011
        ],
        "electromagnetic_plant": [
            784.678739576818,
            2629.658141592562,
            8540.792419037196
        ],
        "foundry": [
            76.33420506468296,
            212.0655478922938,
            550.3545731021188
        ],
        "assembling_machine_3": [
            9.595242204239993,
            18.621119582753423,
            38.222059109940666
        ],
        "electric_furnace": [
            4.108506768936705,
            9.383775901614523,
            22.966654520092558
        ],
        "electric_mining_drill": [
            1.8864691416272303,
            2.6300162276471006,
            4.53845823953217
        ],
        "big_mining_drill": [
            32.76705793219098,
            106.51400519006515,
            326.93036358451434
        ],
        "oil_refinery": [
            10.772112442714848,
            13.030381610039653,
            20.329639888444056
        ],
        "chemical_plant": [
            2.8676665861034962,
            4.3391393330801025,
            9.312703568388171
        ],
        "recycler": [
            46.94141056857323,
            65.79568230540188,
            97.46602851587599
        ],
        "rocket_silo": [
            2163.5245196892497,
            2926.0621485153197,
            4099.338635983411
        ]
    },
    "vulcanus": {
        "quality_module": [
            1.2366504851615405,
            3.4742682032332253,
            8.3256859948628
        ],
        "quality_module_2": [
            5.959749003839149,
            15.048287099881746,
            33.27249643746749
        ],
        "quality_module_3": [
            19.719214273128994,
            44.65430682192846,
            97.57912612309039
        ],
        "productivity_module": [
            1.2366504851615405,
            3.4742682032332257,
            8.325685994862805
        ],
        "productivity_module_2": [
            5.959749003839149,
            15.048287099881746,
            33.272496437467495
        ],
        "speed_module": [
            1.2366504851615405,
            3.4742682032332257,
            8.3256859948628
        ],
        "speed_module_2": [
            5.959749003839149,
            15.048287099881746,
            33.27249643746749
        ],
        "speed_module_3": [
            19.62293520303476,
            43.985828467809675,
            95.44820391634607
        ],
        "beacon": [
            5.083987550333271,
            14.921765480173935,
            36.07935839940054
        ],
        "electromagnetic_plant": [
            784.678739576818,
            2629.658141592562,
            8540.792419037194
        ],
        "foundry": [
            55.234566476384025,
            191.7615403439767,
            531.3881571098966
        ],
        "assembling_machine_3": [
            5.384252309421372,
            14.570355161445525,
            34.63218342450533
        ],
        "electric_furnace": [
            2.0030118215273944,
            7.503862169194631,
            21.396788874566365
        ],
        "electric_mining_drill": [
            0.12885395205518574,
            0.6090686117576385,
            2.571312220909429
        ],
        "big_mining_drill": [
            27.89481679313012,
            102.09066094406238,
            322.53405158013186
        ],
        "oil_refinery": [
            0.5035593962936848,
            2.378168339906044,
            9.785184190120495
        ],
        "chemical_plant": [
            0.20461326857009507,
            0.9637019639635264,
            3.8280122957889384
        ],
        "recycler": [
            60.37950035675071,
            79.26972402187951,
            110.08418037055237
        ],
        "rocket_silo": [
            229.65926841588626,
            588.927927973998,
            1555.24521026342
        ]
    },
    "space": {
        "quality_module": [
            3.3477630129259937,
            5.39434691929796,
            9.996994181894397
        ],
        "quality_module_2": [
            8.06524395124846,
            17.08423089908451,
            35.015799982063356
        ],