{
    "nauvis": {
        "quality_module": [
            1.6001278126862264,
            4.053162443656047,
            10.082960733421082,
            28.325377063469954,
            78.34894460560989
        ],
        "quality_module_2": [
            8.065243951248457,
            17.084230899084517,
            38.69595472997714,
            104.33057187875453,
            279.3970913284262
        ],
        "quality_module_3": [
            21.55869697942957,
            47.159932038627396,
            111.88528655842933,
            294.9375420793413,
            770.8568100188669
        ],
        "productivity_module": [
            1.6001278126862264,
            4.053162443656047,
            10.082960733421075,
            28.325377063469954,
            78.34894460561014
        ],
        "productivity_module_2": [
            8.065243951248457,
            17.084230899084517,
            38.69595472997714,
            104.33057187875447,
            279.3970913284259
        ],
        "speed_module": [
            1.6001278126862264,
            4.053162443656047,
            10.082960733421084,
            28.325377063469944,
            78.34894460561013
        ],
        "speed_module_2": [
            8.065243951248457,
            17.08423089908452,
            38.695954729977146,
            104.33057187875454,
            279.3970913284262
        ],
        "speed_module_3": [
            21.728430150444073,
            46.06906663176309,
            107.90210721112545,
            286.6267856050828,
            749.6141047550963
        ],
        "beacon": [
            8.467933895557215,
            18.622237740322543,
            43.77489451665623,
            122.69667934066985,
            341.73347621291447
        ],
        "electromagnetic_plant": [
            784.678739576818,
            2629.6581415925607,
            9489.769354485768,
            32042.055213510743,
            96585.74492196541
        ],
        "foundry": [
            76.39754343660161,
            212.20385346838643,
            609.5179440773558,
            1994.2280014109772,
            6194.247281452876
        ],
        "assembling_machine_3": [
            9.59524220423999,
            18.621119582753426,
            42.05598436200495,
            119.38514142064338,
            344.6489882653818
        ],
        "electric_furnace": [
            4.108506768936704,
            9.29179900540237,
            25.069903989228624,
            80.91664037165862,
            241.3495417570896
        ],
        "electric_mining_drill": [
            1.887189893144191,
            2.6307466228721674,
            4.8267055985655025,
            14.08218287301232,
            39.244711393408906
        ],
        "big_mining_drill": [
            32.768167659823995,
            105.3182039354367,
            329.578043586604,
            1133.1732082604676,
            3598.0472521129536
        ],
        "oil_refinery": [
            10.776323304813172,
            13.034749801051532,
            21.421250767247106,
            57.595069967787765,
            184.06301459004945
        ],
        "chemical_plant": [
            2.8687586338564675,
            4.340231380833074,
            10.058763303256034,
            26.80735921761692,
            68.0878308698827
        ],
        "recycler": [
            60.938756165181346,
            79.95819573112415,
            115.01811248976361,
            231.40909424944957,
            555.4950237346571
        ],
        "rocket_silo": [
            689.6179704016215,
            1014.9409961571937,
            2277.971073853872,
            6083.035889771108,
            15668.57124938611
        ]
    },
    "fulgora": {
        "quality_module": [
            1.7630242220138679,
            4.206805665388433,
            10.195702283086353,
            28.368624703770703,
            78.36606408081133
        ],
        "quality_module_2": [
            8.065243951248458,
            17.084230899084517,
            38.69595472997714,
            104.33057187875445,
            279.39709132842614
        ],
        "quality_module_3": [
            21.557272099964745,
            47.15993203862738,
            111.879082561377,
            294.92939043721924,
            770.8470919375311
        ],
        "productivity_module": [
            1.7630242220138677,
            4.206805665388433,
            10.195702283086352,
            28.368624703770692,
            78.36606408081146
        ],
        "productivity_module_2": [
            8.065243951248458,
            17.08423089908452,
            38.69595472997714,
            104.33057187875447,
            279.39709132842614
        ],
        "speed_module": [
            1.7630242220138677,
            4.206805665388433,
            10.195702283086352,
            28.368624703770664,
            78.36606408081121
        ],
        "speed_module_2": [
            8.065243951248457,
            17.08423089908452,
            38.69595472997714,
            104.3305718787545,
            279.3970913284262
        ],
        "speed_module_3": [
            21.728430150444076,
            46.069066631763086,
            107.90210721112544,
            286.6267856050833,
            749.6141047550956
        ],
        "beacon": [
            9.119519532867779,
            18.933933512503362,
            43.86016677534379,
            122.72729432059167,
            341.74588042771575
        ],
        "electromagnetic_plant": [
            784.678739576818,
            2629.658141592562,
            9489.769354485768,
            32042.05521351073,
            96585.7449219654
        ],
        "foundry": [
            76.39754343660161,
            212.2038534683864,
            609.5179440773558,
            1994.2280014109772,
            6194.247281452876
        ],
        "assembling_machine_3": [
            9.595242204239991,
            18.621119582753423,
            42.05598436200495,
            119.38514142064336,
            344.6489882653815
        ],
        "electric_furnace": [
            4.108506768936704,
            9.29179900540237,
            25.069903989228564,
            80.91664037165859,
            241.34954175708984
        ],
        "electric_mining_drill": [
            1.887189893144191,
            2.6307466228721674,
            4.826705598565502,
            14.08218287301232,
            39.24471139344009
        ],
        "big_mining_drill": [
            32.768167659823995,
            105.31820393543674,
            329.578043586604,
            1133.1732082604676,
            3598.0472521129545
        ],
        "oil_refinery": [
            10.776323304813172,
            13.034749801051536,
            21.42125076724711,
            57.59506996778777,
            184.063014590045
        ],
        "chemical_plant": [
            2.8687586338564675,
            4.340231380833074,
            10.05876330325603,
            26.807359217616927,
            68.08783086988865
        ],
        "recycler": [
            47.52994984131695,
            66.478488960413,
            102.56275604010331,
            221.22937704683363,
            545.7969633488143
        ],
        "rocket_silo": [
            2192.954499605704,
            2960.162907063893,
            4294.418222354677,
            8339.476164108763,
            19484.183916706435
        ]
    },
    "vulcanus": {
        "quality_module": [
            1.2366504851615407,
            3.474268203233225,
            9.246561489511363,
            27.37195427190268,
            77.45244264172463
        ],
        "quality_module_2": [
            5.959749003839149,
            15.048287099881744,
            36.953139318414486,
            102.73876409558295,
            277.9335349125985
        ],